src,b
/uploads/allimg/220512/010316-1652288596e0b4.jpg,好看居家美女 好看身材 养眼美腿 白色小睡衣 白袜子 公主床4k美女壁纸
/uploads/allimg/220515/232503-16526283037507.jpg,可爱居家美女 好看身材清纯美女 白色睡衣 白色长袜子 4k美女壁纸
/uploads/allimg/210831/102129-16303764895142.jpg,cosplay美女 电脑桌 键盘 机房 可爱 小姐姐4k壁纸3840x2160
/uploads/allimg/220327/000925-16483109659bb3.jpg,居家小清新美女 美腿 蓝色裙子 草席4k美女壁纸
/uploads/allimg/210827/235918-1630079958392e.jpg,家居 可爱小姐姐 侧躺 好看身材4k美女壁纸
/uploads/allimg/220520/004034-1652978434e703.jpg,文静清纯美女曹婉瑾4k壁纸
/uploads/allimg/211219/114328-1639885408db64.jpg,海琴烟 同人 cosplay美女4K高清壁纸
/uploads/allimg/220430/002435-1651249475ef66.jpg,女神 小仙女 长发 黑色裙子 养眼美腿 好看高清美女4k壁纸
/uploads/allimg/211122/000739-16375108599425.jpg,居家 长发 夏天 美女 牛仔短裙 好看身材4k美女壁纸
/uploads/allimg/220520/004532-16529787325235.jpg,长卷发 美女 厨房 清纯好看美女曹婉瑾4k壁纸
/uploads/allimg/220511/003034-16522002340d03.jpg,漂亮美女曹婉瑾 休闲装 4k美女壁纸
/uploads/allimg/190518/174718-15581728388724.jpg,白色婚纱裙子 白色丝袜美腿美女4k壁纸
/uploads/allimg/220509/003638-16520277985c73.jpg,小清新美女 手指头 嘴唇4k美女壁纸3840x2160
/uploads/allimg/220506/010552-16517703524693.jpg,长发高颜值高清美女刘亦菲4k壁纸3840x2160
/uploads/allimg/220124/011500-16429581006bd3.jpg,高尔夫美女曹婉瑾 短裙 美腿4k美女壁纸
/uploads/allimg/220506/010311-1651770191049b.jpg,刘亦菲 白色西装 高清美女4k壁纸
/uploads/allimg/220514/011347-165246202775f8.jpg,居家好看可爱美女 好看身材 美腿 白袜子3440x1440带鱼屏壁纸
/uploads/allimg/220428/000027-16510752276140.jpg,黑色长发美女 黑色裙子 美腿 长靴子4k美女壁纸
/uploads/allimg/220426/113340-16509440207e9c.jpg,好看古风美女4k电脑壁纸
/uploads/allimg/220422/225834-165063951427ae.jpg,cosplay 鬼刀 风铃小姐姐 cos美女4k高清壁纸
